<ImportExportXml xmlns:xsi="http://www.w3.org/2001/XMLSchema-instance">
  <Entities></Entities>
  <Roles></Roles>
  <Workflows></Workflows>
  <FieldSecurityProfiles></FieldSecurityProfiles>
  <Templates />
  <EntityMaps />
  <EntityRelationships />
  <OrganizationSettings />
  <optionsets />
  <CustomControls />
  <SolutionPluginAssemblies>
    <PluginAssembly FullName="BCTT.Plugins.Contacto, Version=1.0.0.0, Culture=neutral, PublicKeyToken=46b8485e12bbad57" PluginAssemblyId="9d9cc726-514f-4ef6-9926-87d95eda1aa6" CustomizationLevel="1">
      <IsolationMode>2</IsolationMode>
      <SourceType>0</SourceType>
      <IntroducedVersion>1.0</IntroducedVersion>
      <FileName>/PluginAssemblies/BCTTPluginsContacto-9D9CC726-514F-4EF6-9926-87D95EDA1AA6/BCTTPluginsContacto.dll</FileName>
      <PluginTypes>
        <PluginType AssemblyQualifiedName="BCTT.Plugins.Contacto.PreCreate_Sync, BCTT.Plugins.Contacto, Version=1.0.0.0, Culture=neutral, PublicKeyToken=46b8485e12bbad57" PluginTypeId="36abf805-3e6d-e711-80fd-5065f38bd3c1" Name="BCTT.Plugins.Contacto.PreCreate_Sync">
          <FriendlyName>302b274d-8425-4341-9425-89803c7b65c9</FriendlyName>
        </PluginType>
        <PluginType AssemblyQualifiedName="BCTT.Plugins.Contacto.PreUpdate_Sync, BCTT.Plugins.Contacto, Version=1.0.0.0, Culture=neutral, PublicKeyToken=46b8485e12bbad57" PluginTypeId="ccd2a97c-64ba-e711-80ef-3863bb349ac0" Name="BCTT.Plugins.Contacto.PreUpdate_Sync">
          <FriendlyName>f5ae63fa-540d-4933-a3b5-8fb4968a52df</FriendlyName>
        </PluginType>
        <PluginType AssemblyQualifiedName="BCTT.Plugins.Contacto.PreValidateCreate_Sync, BCTT.Plugins.Contacto, Version=1.0.0.0, Culture=neutral, PublicKeyToken=46b8485e12bbad57" PluginTypeId="cdd2a97c-64ba-e711-80ef-3863bb349ac0" Name="BCTT.Plugins.Contacto.PreValidateCreate_Sync">
          <FriendlyName>a6fb8747-388b-4071-b51d-9d48dc445cb2</FriendlyName>
        </PluginType>
        <PluginType AssemblyQualifiedName="BCTT.Plugins.Contacto.RetrieveMultiple_Pre_Operation, BCTT.Plugins.Contacto, Version=1.0.0.0, Culture=neutral, PublicKeyToken=46b8485e12bbad57" PluginTypeId="be396148-97bd-e711-80f4-3863bb34db00" Name="BCTT.Plugins.Contacto.RetrieveMultiple_Pre_Operation">
          <FriendlyName>e42ad0ec-488a-4e31-bb42-eae5fbccd73e</FriendlyName>
        </PluginType>
        <PluginType AssemblyQualifiedName="BCTT.Plugins.Contacto.RetrieveMultiple_Sync, BCTT.Plugins.Contacto, Version=1.0.0.0, Culture=neutral, PublicKeyToken=46b8485e12bbad57" PluginTypeId="ced2a97c-64ba-e711-80ef-3863bb349ac0" Name="BCTT.Plugins.Contacto.RetrieveMultiple_Sync">
          <FriendlyName>a8ce0c82-b9ab-4dec-9ec0-c2d5a3b8afe2</FriendlyName>
        </PluginType>
      </PluginTypes>
    </PluginAssembly>
  </SolutionPluginAssemblies>
  <EntityDataProviders />
  <Languages>
    <Language>2070</Language>
  </Languages>
</ImportExportXml>